<?xml version="1.0" encoding="UTF-8"?>
<extension type="module" version="3.0" client="site" method="upgrade">
	<name>XMovie Flexible Content Element</name>
	<author>Dana Harris</author>
	<authorEmail>optikool@yahoo.com</authorEmail>
	<authorUrl>http://www.eyenetdesigns.com</authorUrl>
	<creationDate>12-27-2014</creationDate>
	<copyright>Copyright (C) 2011 Optikool.com. All rights reserved.</copyright>
	<license>http://www.gnu.org/licenses/gpl-2.0.html GNU/GPL</license>	
	<version>1.0.0</version>
	<description>Display movies in different layouts.</description>
	
	<files>	
		<filename module="mod_xmovie_fce">mod_xmovie_fce.php</filename>	
		<filename>helper.php</filename>		
		<filename>index.html</filename>		
		<filename>mod_xmovie_fce.xml</filename>
		<folder>css</folder>	
		<folder>languages</folder>
		<folder>models</folder>
		<folder>tmpl</folder>
	</files>
	<languages>
		<language tag="en-GB">languages/en-GB.mod_xmovie_fce.ini</language>
		<language tag="en-GB">languages/en-GB.mod_xmovie_fce.sys.ini</language>
	</languages>
	
	<config>
		<fields name="params">
			<fieldset name="basic">
			    <field 
			        name="cat_id" 
			        type="category" 
			        multiple="multiple" 
			        extension="com_xmovie"
			        default="" 
			        label="MOD_XMOVIE_FCE_MOVIE_CATEGORY_ID" 
			        description="MOD_XMOVIE_FCE_MOVIE_CATEGORY_ID_DESC"
			        required="required" />
				<field name="num_movies" type="text" default="5" label="MOD_XMOVIE_FCE_NUMBER_OF_MOVIES" description="MOD_XMOVIE_FCE_NUMBER_OF_MOVIES_DESC" />
				<field name="movies_per_row" type="text" default="5" label="MOD_XMOVIE_FCE_MOVIES_PER_ROW" description="MOD_XMOVIE_FCE_MOVIES_PER_ROW_DESC" />
				<field name="sort_method" type="radio" default="random" label="MOD_XMOVIE_FCE_DISPLAY_ORDER" description="MOD_XMOVIE_FCE_DISPLAY_ORDER_DESC">
					<option value="newest">MOD_XMOVIE_FCE_NEWEST</option>
					<option value="oldest">MOD_XMOVIE_FCE_OLDEST</option>
					<option value="random">MOD_XMOVIE_FCE_RANDOM</option>
					<option value="popular">MOD_XMOVIE_FCE_VIEWS</option>
				</field>
				
				<field name="@spacer" type="spacer" default="" label="" description="" />
				
				<field name="show_thumb" class="btn-group" type="radio" default="1" label="MOD_XMOVIE_FCE_SHOW_THUMBNAILS" description="MOD_XMOVIE_FCE_SHOW_THUMBNAILS_DESC">
					<option value="1">JYES</option>
					<option value="0">JNO</option>
				</field>
				<field name="show_name" class="btn-group" type="radio" default="1" label="MOD_XMOVIE_FCE_SHOW_NAME" description="MOD_XMOVIE_FCE_SHOW_NAME_DESC">
					<option value="1">JYES</option>
					<option value="0">JNO</option>
				</field>
				<field name="show_date" class="btn-group" type="radio" default="1" label="MOD_XMOVIE_FCE_SHOW_DATE" description="MOD_XMOVIE_FCE_SHOW_DATE_DESC">
					<option value="1">JYES</option>
					<option value="0">JNO</option>
				</field>
				<field name="show_hits" class="btn-group" type="radio" default="1" label="MOD_XMOVIE_FCE_SHOW_HITS" description="MOD_XMOVIE_FCE_SHOW_HITS_DESC">
					<option value="1">JYES</option>
					<option value="0">JNO</option>
				</field>
				<field name="show_submitter" class="btn-group" type="radio" default="1" label="MOD_XMOVIE_FCE_SHOW_SUBMITTER" description="MOD_XMOVIE_FCE_SHOW_SUBMITTER_DESC">
					<option value="1">JYES</option>
					<option value="0">JNO</option>
				</field>
				<field name="show_quicktake" class="btn-group" type="radio" default="1" label="MOD_XMOVIE_FCE_SHOW_QUICKTAKE" description="MOD_XMOVIE_FCE_SHOW_QUICKTAKE_DESC">
					<option value="1">JYES</option>
					<option value="0">JNO</option>
				</field>
				<field name="show_tags" class="btn-group" type="radio" default="1" label="MOD_XMOVIE_FCE_SHOW_TAGS" description="MOD_XMOVIE_FCE_SHOW_TAGS_DESC">
					<option value="1">JYES</option>
					<option value="0">JNO</option>
				</field>
				<field name="load_css" class="btn-group" type="radio" default="1" label="MOD_XMOVIE_FCE_LOAD_CSS" description="MOD_XMOVIE_FCE_LOAD_CSS_DESC">
					<option value="1">JYES</option>
					<option value="0">JNO</option>
				</field>	
			</fieldset>
			<fieldset name="advanced">
			    <field
					name="layout"
					type="modulelayout"
					label="JFIELD_ALT_LAYOUT_LABEL"
					description="JFIELD_ALT_MODULE_LAYOUT_DESC" />	
				<field 
				    name="moduleclass_sfx" 
				    type="text" 
				    size="30" 
				    default="" 
				    label="MOD_XMOVIE_FCE_MODULE_CLASS_SUFFIX" 
				    description="MOD_XMOVIE_FCE_MODULE_CLASS_SUFFIX_DESC" />
				<field
					name="cache"
					type="list"
					default="1"
					label="COM_MODULES_FIELD_CACHING_LABEL"
					description="COM_MODULES_FIELD_CACHING_DESC">
					<option
						value="1">JGLOBAL_USE_GLOBAL</option>
					<option
						value="0">COM_MODULES_FIELD_VALUE_NOCACHING</option>
				</field>
				<field
					name="cache_time"
					type="text"
					default="900"
					label="COM_MODULES_FIELD_CACHE_TIME_LABEL"
					description="COM_MODULES_FIELD_CACHE_TIME_DESC" />
				<field
					name="cachemode"
					type="hidden"
					default="itemid">
					<option
						value="itemid"></option>
				</field>
			</fieldset>
		</fields>
	</config>	
</extension>